{
 "force_params": {
  "diameter": 3.405e-10,
  "well_depth": 1.6540169269599997e-21
 },
 "N": 512,
 "file_path": "/mnt/hdd/data/gpu_run_debug0/data{0:08d}.h5",
 "N_iterations": 100,
 "dt": 1e-09,
 "q": 0,
 "m": 6.633521356992e-26,
 "T": 273,
 "dx": 3.82e-10,
 "save_every_x_iters": 1,
 "gpu": true
}
